{"schemaVersion":"1.0","appDefinitionTemplate":{"id":"/providers/Microsoft.PowerApps/apps/","type":"Microsoft.PowerApps/apps","tags":{"primaryDeviceWidth":"1366","primaryDeviceHeight":"768","sienaVersion":"20201110T090530Z-3.20103.28.0","deviceCapabilities":"","supportsPortrait":"false","supportsLandscape":"true","primaryFormFactor":"Tablet","publisherVersion":"3.20103.28","minimumRequiredApiVersion":"2.2.0","hasComponent":"true","hasUnlockedComponent":"true","isUnifiedRootApp":"false"},"properties":{"appVersion":"2020-11-10T09:05:30Z","lifeCycleId":"Published","createdByClientVersion":{"major":3,"minor":20103,"build":28,"revision":0,"majorRevision":0,"minorRevision":0},"minClientVersion":{"major":3,"minor":20103,"build":28,"revision":0,"majorRevision":0,"minorRevision":0},"backgroundColor":"rgba(0, 176, 240, 1)","backgroundImageUri":"/8706162874469661710/N78ecd6b5-cbfd-42fb-b000-fec987e7d61a-logoSmallFile","displayName":"Photo Gallery","description":"","commitMessage":"","appUris":{"documentUri":{"value":"/8706162874469661710/N4dd3a2e6-40ef-48ba-9eaf-58fcb5be8401-document.msapp"},"imageUris":[]},"createdTime":"0001-01-01T00:00:00Z","lastModifiedTime":"0001-01-01T00:00:00Z","sharedGroupsCount":0,"sharedUsersCount":0,"icons":{"smallIconUri":"/8706162874469661710/N175e246b-f86c-4278-a4bf-22aaec876d11-small.png","mediumIconUri":"/8706162874469661710/N9cba4b4e-ced4-46ee-bb69-947559819df7-medium.png","largeIconUri":"/8706162874469661710/Nc5779964-d00e-4a82-bdb0-ddcfa7cbcd37-large.png","wideIconUri":"/8706162874469661710/N966dc812-fef6-4a66-af89-8b9e36076580-wide.png"},"connectionReferences":{"573503ab-1dc3-4f64-b474-2bfdc92bf056":{"id":"9a8fbe5b-ccf6-4f4c-a2ba-fedea316f284","displayName":"SharePoint","iconUri":"https://connectoricons-prod.azureedge.net/releases/v1.0.1402/1.0.1402.2163/sharepointonline/icon.png","dataSources":["Demo Gallery"],"dependencies":[],"dependents":[],"parameterHints":{},"isOnPremiseConnection":false,"dataSets":{"https://seattleapplab.sharepoint.com":{"dataSources":{"Demo Gallery":{"tableName":"65c5aeb9-5b54-457b-b4bd-5177656ae944"}}}},"apiTier":"Standard","isCustomApiConnection":false}},"databaseReferences":{},"almMode":"Environment","performanceOptimizationEnabled":true,"canConsumeAppPass":true,"executionRestrictions":{"isTeamsOnly":false,"dataLossPreventionEvaluationResult":{"status":"Compliant","lastEvaluationDate":"2020-11-10T09:05:40.2443027Z","violationDetails":[]}}},"isAppComponentLibrary":false,"appType":"ClassicCanvasApp","appComponents":[]}}