{"schemaVersion":"1.0","appDefinitionTemplate":{"id":"/providers/Microsoft.PowerApps/apps/","type":"Microsoft.PowerApps/apps","tags":{"primaryDeviceWidth":"1366","primaryDeviceHeight":"768","sienaVersion":"f1a5448b-7c82-4e38-b01c-968c5907de9a","deviceCapabilities":"","supportsPortrait":"false","supportsLandscape":"true","primaryFormFactor":"Tablet","publisherVersion":"3.21031.49","minimumRequiredApiVersion":"2.2.0","hasComponent":"false","hasUnlockedComponent":"false","isUnifiedRootApp":"false"},"properties":{"appVersion":"2021-04-20T15:05:52Z","lifeCycleId":"Published","createdByClientVersion":{"major":3,"minor":21031,"build":49,"revision":0,"majorRevision":0,"minorRevision":0},"minClientVersion":{"major":3,"minor":21031,"build":49,"revision":0,"majorRevision":0,"minorRevision":0},"backgroundColor":"rgba(0, 176, 240, 1)","backgroundImageUri":"/207424467596015529/N5a774989-ee28-4e90-92e7-8cc7297ee1b1-logoSmallFile","displayName":"Shopping Cart","description":"","commitMessage":"","appUris":{"documentUri":{"value":"/207424467596015529/Nbf29a822-69d5-4dc1-92be-a17480a63e10-document.msapp"},"imageUris":[]},"createdTime":"0001-01-01T00:00:00Z","lastModifiedTime":"0001-01-01T00:00:00Z","sharedGroupsCount":0,"sharedUsersCount":0,"icons":{"smallIconUri":"/207424467596015529/Nc4d79f77-cf83-4d24-9f47-27c1e502342e-small.png","mediumIconUri":"/207424467596015529/N5d3d43f3-7568-44f6-bbfb-dfc9bd01ae4d-medium.png","largeIconUri":"/207424467596015529/Nd4501dbf-99bb-4f80-823f-c590015834bf-large.png","wideIconUri":"/207424467596015529/N10b7dc47-092b-4714-8cb0-a3453bed4a0c-wide.png"},"connectionReferences":{"ccd61015-f1aa-4061-8915-1d3d77e38430":{"id":"cdd084ff-f92b-48ba-9a81-68b1e2c4a46d","displayName":"SharePoint","iconUri":"https://connectoricons-prod.azureedge.net/releases/v1.0.1458/1.0.1458.2381/sharepointonline/icon.png","dataSources":["Product Items"],"dependencies":[],"dependents":[],"parameterHints":{},"isOnPremiseConnection":false,"dataSets":{"https://seattleapplab.sharepoint.com/sites/DemoSite":{"dataSources":{"Product Items":{"tableName":"381bb7d3-f510-448b-98e0-e26d892724a1"}}}},"apiTier":"Standard","isCustomApiConnection":false}},"databaseReferences":{},"almMode":"Environment","performanceOptimizationEnabled":true,"canConsumeAppPass":true,"executionRestrictions":{"isTeamsOnly":false,"dataLossPreventionEvaluationResult":{"status":"Compliant","lastEvaluationDate":"2021-04-20T15:06:02.6660749Z","violationDetails":[]}}},"isAppComponentLibrary":false,"appType":"ClassicCanvasApp","appComponents":[]}}