{"schemaVersion":"1.0","appDefinitionTemplate":{"id":"/providers/Microsoft.PowerApps/apps/","type":"Microsoft.PowerApps/apps","tags":{"primaryDeviceWidth":"640","primaryDeviceHeight":"1136","sienaVersion":"20201030T060406Z-3.20102.16.0","deviceCapabilities":"webcam","supportsPortrait":"true","supportsLandscape":"false","primaryFormFactor":"Phone","publisherVersion":"3.20102.16","minimumRequiredApiVersion":"2.2.0","hasComponent":"false","hasUnlockedComponent":"false","isUnifiedRootApp":"false"},"properties":{"appVersion":"2020-10-30T06:04:06Z","lifeCycleId":"Published","createdByClientVersion":{"major":3,"minor":20102,"build":16,"revision":0,"majorRevision":0,"minorRevision":0},"minClientVersion":{"major":3,"minor":20102,"build":16,"revision":0,"majorRevision":0,"minorRevision":0},"backgroundColor":"rgba(1, 131, 134, 1)","backgroundImageUri":"/4946168973831554139/Na8a4462a-73d0-4b63-8136-fd4ef8c33f4c-logoSmallFile","displayName":"Library Management","description":"","commitMessage":"","appUris":{"documentUri":{"value":"/4946168973831554139/N9bee2c08-35a2-491c-a996-4ae233cb1c7b-document.msapp","readonlyValue":"/4946168973831554139/N9bee2c08-35a2-491c-a996-4ae233cb1c7b-document.msapp"},"imageUris":[]},"createdTime":"0001-01-01T00:00:00Z","lastModifiedTime":"0001-01-01T00:00:00Z","sharedGroupsCount":0,"sharedUsersCount":0,"icons":{"smallIconUri":"/4946168973831554139/Nd63447ca-7485-4eac-b7fc-a7f766e4298d-small.png","mediumIconUri":"/4946168973831554139/N24a0a28f-c14e-405a-8b7b-a28922ad5777-medium.png","largeIconUri":"/4946168973831554139/N31a92832-fc7e-4cd3-b0c5-1880d0341f80-large.png","wideIconUri":"/4946168973831554139/Nbbc19653-d455-4bec-aad8-d82c3e1942a2-wide.png"},"connectionReferences":{"c7c4a5d4-1396-4cf2-925e-a3d34aa41cb6":{"id":"a5dd2393-e4c5-4b86-be94-6e6570c5ae49","displayName":"Excel","iconUri":"https://connectoricons-prod.azureedge.net/releases/v1.0.1404/1.0.1404.2172/excel/icon.png","dataSources":["Questions","Options","Responses","WelcomeNote","Table2"],"dependencies":["fcab55ee-799a-405f-80df-8dc0773b9599"],"dependents":[],"parameterHints":{"fcab55ee-799a-405f-80df-8dc0773b9599":{"value":"fileSource"}},"isOnPremiseConnection":false,"bypassConsent":false,"dataSets":{"015WIH3EXVKZ5U3SH5Y5C3MVHVIEYUKLJC":{"dataSources":{"Table2":{"tableName":"Table2"}}}},"apiTier":"Standard","isCustomApiConnection":false},"fcab55ee-799a-405f-80df-8dc0773b9599":{"id":"d710dc02-142b-4873-8081-6af55c539057","displayName":"OneDrive for Business","iconUri":"https://connectoricons-prod.azureedge.net/releases/v1.0.1407/1.0.1407.2182/onedriveforbusiness/icon.png","dataSources":[],"dependencies":[],"dependents":["c7c4a5d4-1396-4cf2-925e-a3d34aa41cb6"],"parameterHints":{},"isOnPremiseConnection":false,"bypassConsent":false,"dataSets":{},"apiTier":"Standard","isCustomApiConnection":false},"cc9560fc-748e-478b-ae3a-6dfed7b87b7a":{"id":"a5dd2393-e4c5-4b86-be94-6e6570c5ae49","displayName":"Excel","iconUri":"https://connectoricons-prod.azureedge.net/releases/v1.0.1404/1.0.1404.2172/excel/icon.png","dataSources":["Table1"],"dependencies":["dfd9e060-61ad-4d21-ac9d-ce80e0a09793"],"dependents":[],"parameterHints":{"dfd9e060-61ad-4d21-ac9d-ce80e0a09793":{"value":"fileSource"}},"isOnPremiseConnection":false,"bypassConsent":false,"dataSets":{"015WIH3EXVKZ5U3SH5Y5C3MVHVIEYUKLJC":{"dataSources":{"Table1":{"tableName":"Table1"}}}},"apiTier":"Standard","isCustomApiConnection":false},"dfd9e060-61ad-4d21-ac9d-ce80e0a09793":{"id":"d710dc02-142b-4873-8081-6af55c539057","displayName":"OneDrive for Business","iconUri":"https://connectoricons-prod.azureedge.net/releases/v1.0.1407/1.0.1407.2182/onedriveforbusiness/icon.png","dataSources":[],"dependencies":[],"dependents":["cc9560fc-748e-478b-ae3a-6dfed7b87b7a"],"parameterHints":{},"isOnPremiseConnection":false,"bypassConsent":false,"dataSets":{},"apiTier":"Standard","isCustomApiConnection":false}},"databaseReferences":{},"almMode":"Environment","executionRestrictions":{"isTeamsOnly":false,"dataLossPreventionEvaluationResult":{"status":"Compliant","lastEvaluationDate":"2020-10-28T18:04:21.8841661Z","violationDetails":[]}}},"isAppComponentLibrary":false,"appType":"ClassicCanvasApp","appComponents":[]}}