{"schemaVersion":"1.0","appDefinitionTemplate":{"id":"/providers/Microsoft.PowerApps/apps/","type":"Microsoft.PowerApps/apps","tags":{"primaryDeviceWidth":"1136","primaryDeviceHeight":"640","sienaVersion":"20201105T181153Z-3.20103.28.0","deviceCapabilities":"","supportsPortrait":"false","supportsLandscape":"true","primaryFormFactor":"Phone","publisherVersion":"3.20103.28","minimumRequiredApiVersion":"2.2.0","hasComponent":"false","hasUnlockedComponent":"false","isUnifiedRootApp":"false"},"properties":{"appVersion":"2020-11-05T18:11:53Z","lifeCycleId":"Published","createdByClientVersion":{"major":3,"minor":20103,"build":28,"revision":0,"majorRevision":0,"minorRevision":0},"minClientVersion":{"major":3,"minor":20103,"build":28,"revision":0,"majorRevision":0,"minorRevision":0},"backgroundColor":"rgba(0, 176, 240, 1)","backgroundImageUri":"/16375033022739705660/N839199bc-8ebb-4678-908f-6767338af297-logoSmallFile","displayName":"Kick","description":"","commitMessage":"","appUris":{"documentUri":{"value":"/16375033022739705660/Na3ec863b-4301-41db-a5c2-bb375ab31db6-document.msapp","readonlyValue":"/16375033022739705660/Na3ec863b-4301-41db-a5c2-bb375ab31db6-document.msapp"},"imageUris":[]},"createdTime":"0001-01-01T00:00:00Z","lastModifiedTime":"0001-01-01T00:00:00Z","sharedGroupsCount":0,"sharedUsersCount":0,"icons":{"smallIconUri":"/16375033022739705660/Nf35c6c7d-132f-44af-b1cc-96e9b9bd98e7-small.png","mediumIconUri":"/16375033022739705660/Nae7e477d-263a-4a5f-be6f-24da7ed18e6a-medium.png","largeIconUri":"/16375033022739705660/N1ec2e746-5da2-4c2f-a639-2732b7d83a9a-large.png","wideIconUri":"/16375033022739705660/Nd65f80b6-77e9-4abc-b09e-ee18762d94b4-wide.png"},"connectionReferences":{},"databaseReferences":{},"almMode":"Environment","performanceOptimizationEnabled":true,"canConsumeAppPass":true,"executionRestrictions":{"isTeamsOnly":false,"dataLossPreventionEvaluationResult":{"status":"Compliant","lastEvaluationDate":"2020-11-05T18:12:04.1735092Z","violationDetails":[]}}},"isAppComponentLibrary":false,"appType":"ClassicCanvasApp","appComponents":[]}}