{"schemaVersion":"1.0","appDefinitionTemplate":{"id":"/providers/Microsoft.PowerApps/apps/","type":"Microsoft.PowerApps/apps","tags":{"primaryDeviceWidth":"640","primaryDeviceHeight":"1136","sienaVersion":"20201031T005549Z-3.20103.28.0","deviceCapabilities":"","supportsPortrait":"true","supportsLandscape":"false","primaryFormFactor":"Phone","publisherVersion":"3.20103.28","minimumRequiredApiVersion":"2.2.0","hasComponent":"false","hasUnlockedComponent":"false","isUnifiedRootApp":"false"},"properties":{"appVersion":"2020-10-31T00:55:49Z","lifeCycleId":"Published","createdByClientVersion":{"major":3,"minor":20103,"build":28,"revision":0,"majorRevision":0,"minorRevision":0},"minClientVersion":{"major":3,"minor":20103,"build":28,"revision":0,"majorRevision":0,"minorRevision":0},"backgroundColor":"rgba(0, 176, 240, 1)","backgroundImageUri":"/5054585275013409795/Nd4d44b9c-8a6b-4312-b97a-3ed2ace123ea-logoSmallFile","displayName":"MontlyPlannerApp","description":"","commitMessage":"","appUris":{"documentUri":{"value":"/5054585275013409795/N812585d7-651b-43e7-936a-b8274f5bf87d-document.msapp","readonlyValue":"/5054585275013409795/N812585d7-651b-43e7-936a-b8274f5bf87d-document.msapp"},"imageUris":[]},"createdTime":"0001-01-01T00:00:00Z","lastModifiedTime":"0001-01-01T00:00:00Z","sharedGroupsCount":0,"sharedUsersCount":0,"icons":{"smallIconUri":"/5054585275013409795/N22631e1f-13bc-4b12-ba26-aeaf522929c0-small.png","mediumIconUri":"/5054585275013409795/N2457f7ce-e7f6-4699-944f-bc08499af0a8-medium.png","largeIconUri":"/5054585275013409795/N3161fc10-ee12-45cc-8277-a2366395f124-large.png","wideIconUri":"/5054585275013409795/N25da501f-9d30-41a5-b362-ce4413ce1164-wide.png"},"connectionReferences":{"677a747d-881c-4355-8479-8697a8b31d63":{"id":"bd71cb86-fedd-4705-b926-c337b21650e3","displayName":"Office 365 Outlook","iconUri":"https://connectoricons-prod.azureedge.net/releases/v1.0.1411/1.0.1411.2206/office365/icon.png","dataSources":["Office365Outlook"],"dependencies":[],"dependents":[],"parameterHints":{},"isOnPremiseConnection":false,"bypassConsent":false,"dataSets":{},"apiTier":"Standard","isCustomApiConnection":false,"actions":["CalendarGetTables","GetEventsCalendarViewV2"]},"a612f355-91f7-4628-bde8-5c4ad367a2f4":{"id":"56065a9b-f522-4efb-af5e-715f7646f8ef","displayName":"Office 365 Users","iconUri":"https://connectoricons-prod.azureedge.net/releases/v1.0.1411/1.0.1411.2206/office365users/icon.png","dataSources":["Office365Users"],"dependencies":[],"dependents":[],"parameterHints":{},"isOnPremiseConnection":false,"bypassConsent":false,"dataSets":{},"apiTier":"Standard","isCustomApiConnection":false},"c150578c-c3a9-4c4b-b9d2-e2c26416cb81":{"id":"3ea3f872-07f3-4c4d-96a7-ba8953b0c6d3","displayName":"SharePoint","iconUri":"https://connectoricons-prod.azureedge.net/releases/v1.0.1411/1.0.1411.2206/sharepointonline/icon.png","dataSources":["SB Planner"],"dependencies":[],"dependents":[],"parameterHints":{},"isOnPremiseConnection":false,"bypassConsent":false,"dataSets":{"https://rotaract3292.sharepoint.com/sites/Sandbox":{"dataSources":{"SB Planner":{"tableName":"7d012395-da6c-4305-9097-3effa74e1f76"}}}},"apiTier":"Standard","isCustomApiConnection":false}},"databaseReferences":{},"almMode":"Environment","performanceOptimizationEnabled":true,"canConsumeAppPass":true,"executionRestrictions":{"isTeamsOnly":false,"dataLossPreventionEvaluationResult":{"status":"Compliant","lastEvaluationDate":"2020-10-30T08:16:56.7498429Z","violationDetails":[]}}},"isAppComponentLibrary":false,"appType":"ClassicCanvasApp","appComponents":[]}}