{"schemaVersion":"1.0","appDefinitionTemplate":{"id":"/providers/Microsoft.PowerApps/apps/","type":"Microsoft.PowerApps/apps","tags":{"primaryDeviceWidth":"1136","primaryDeviceHeight":"640","sienaVersion":"20201024T075509Z-3.20102.18.0","deviceCapabilities":"","supportsPortrait":"false","supportsLandscape":"true","primaryFormFactor":"Phone","publisherVersion":"3.20101.20","minimumRequiredApiVersion":"2.2.0","hasComponent":"false","hasUnlockedComponent":"false","isUnifiedRootApp":"false"},"properties":{"appVersion":"2020-10-24T07:55:09Z","lifeCycleId":"Published","createdByClientVersion":{"major":3,"minor":20101,"build":20,"revision":0,"majorRevision":0,"minorRevision":0},"minClientVersion":{"major":3,"minor":20101,"build":20,"revision":0,"majorRevision":0,"minorRevision":0},"backgroundColor":"rgba(0, 176, 240, 1)","backgroundImageUri":"/133512078133228494/Nb8448d9a-3581-457b-aa90-79826b60ebc1-logoSmallFile","displayName":"SVD","description":"","commitMessage":"","appUris":{"documentUri":{"value":"/133512078133228494/Nfefbace8-c491-42f0-9591-3f845a1a5227-document.msapp","readonlyValue":"/133512078133228494/Nfefbace8-c491-42f0-9591-3f845a1a5227-document.msapp"},"imageUris":[]},"createdTime":"0001-01-01T00:00:00Z","lastModifiedTime":"0001-01-01T00:00:00Z","sharedGroupsCount":0,"sharedUsersCount":0,"icons":{"smallIconUri":"/133512078133228494/N061ab30e-36ea-4821-9510-97a257b6e25a-small.png","mediumIconUri":"/133512078133228494/Nfee15b95-e59d-4268-8809-025da39bdd33-medium.png","largeIconUri":"/133512078133228494/N4783b068-fd47-497f-b0c2-c618f883cc1a-large.png","wideIconUri":"/133512078133228494/N95a5599d-3ca4-46d3-89ce-3594b95d24a3-wide.png"},"connectionReferences":{},"databaseReferences":{},"almMode":"Environment","performanceOptimizationEnabled":true,"canConsumeAppPass":true,"executionRestrictions":{"isTeamsOnly":false,"dataLossPreventionEvaluationResult":{"status":"Compliant","lastEvaluationDate":"2020-10-23T03:08:17.6896442Z","violationDetails":[]}}},"isAppComponentLibrary":false,"appType":"ClassicCanvasApp","appComponents":[]}}